{"initial_reset_timestamp": 1605598640.3169222, "timestamps": [1605598647.1102378, 1605598653.8434172, 1605598657.2283971, 1605598660.560833, 1605598663.894151], "episode_lengths": [200, 200, 200, 200, 200], "episode_rewards": [200.0, 200.0, 200.0, 200.0, 200.0], "episode_types": ["t", "t", "t", "t", "t", "t"]}